property_id,property_address,suburb,postcode,property_type,sale_price_aud,bedrooms,bathrooms,parking,listed_area_m2,sale_date,sale_year,sale_month,missing_feature_count,source_page,source_url,,,,,,,verification_status
M001,"3/66 Osborne Road, Manly, NSW 2095",Manly,2095,Apartment,1650000,2,1,1,87,9/17/2026,2026,9,0,Manly sold listings page 1,"https://www.realestate.com.au/sold/in-manly,%2Bnsw%2B2095;/list-1",,,,,,,Verified
M002,"4/3 Cliff Street, Manly, NSW 2095",Manly,2095,Apartment,840000,1,1,,61,9/17/2026,2026,9,1,Manly sold listings page 1,"https://www.realestate.com.au/sold/in-manly,%2Bnsw%2B2095;/list-1",,,,,,,Verified
M003,"2/115-117 Sydney Road, Manly, NSW 2095",Manly,2095,Unit,2125550,2,1,1,183,9/11/2026,2026,9,0,Manly sold listings page 1,"https://www.realestate.com.au/sold/in-manly,%2Bnsw%2B2095;/list-1",,,,,,,Verified
M004,"35 Smith Street, Manly, NSW 2095",Manly,2095,House,3500000,3,2,,,9/9/2026,2026,9,2,Manly sold listings page 1,"https://www.realestate.com.au/sold/in-manly,%2Bnsw%2B2095;/list-1",,,,,,,Verified
M005,"5/34 Pacific Street, Manly, NSW 2095",Manly,2095,Apartment,1350000,2,1,,,9/5/2026,2026,9,2,Manly sold listings page 1,"https://www.realestate.com.au/sold/in-manly,%2Bnsw%2B2095;/list-1",,,,,,,Verified
M006,"7/6 Laurence Street, Manly, NSW 2095",Manly,2095,Apartment,2800000,3,2,2,,9/1/2026,2026,9,1,Manly sold listings page 1,"https://www.realestate.com.au/sold/in-manly,%2Bnsw%2B2095;/list-1",,,,,,,Verified
M007,"25 Malvern Avenue, Manly, NSW 2095",Manly,2095,House,4175000,3,1,2,348,8/29/2026,2026,8,0,Manly sold listings page 1,"https://www.realestate.com.au/sold/in-manly,%2Bnsw%2B2095;/list-1",,,,,,,Verified
M008,"4/22-24 Ashburner Street, Manly, NSW 2095",Manly,2095,Apartment,1875000,2,1,1,72,8/28/2026,2026,8,0,Manly sold listings page 1,"https://www.realestate.com.au/sold/in-manly,%2Bnsw%2B2095;/list-1",,,,,,,Verified
M009,"23/140 Addison Road, Manly, NSW 2095",Manly,2095,Apartment,3370000,2,1,1,114.8,8/21/2026,2026,8,0,Manly sold listings page 1,"https://www.realestate.com.au/sold/in-manly,%2Bnsw%2B2095;/list-1",,,,,,,Verified
M010,"1/22 Eurobin Avenue, Manly, NSW 2095",Manly,2095,Apartment,790000,1,1,1,,8/20/2026,2026,8,1,Manly sold listings page 1,"https://www.realestate.com.au/sold/in-manly,%2Bnsw%2B2095;/list-1",,,,,,,Verified
M011,"2/40 Fairy Bower Road, Manly, NSW 2095",Manly,2095,Apartment,1750000,2,1,,,8/19/2026,2026,8,2,Manly sold listings page 1,"https://www.realestate.com.au/sold/in-manly,%2Bnsw%2B2095;/list-1",,,,,,,Verified
M012,"16/51 Pittwater Road, Manly, NSW 2095",Manly,2095,Unit,1130000,1,1,1,,8/14/2026,2026,8,1,Manly sold listings page 1,"https://www.realestate.com.au/sold/in-manly,%2Bnsw%2B2095;/list-1",,,,,,,Verified
M013,"31 Alexander Street, Manly, NSW 2095",Manly,2095,House,5950000,4,2,,,8/8/2026,2026,8,2,Manly sold listings page 1,"https://www.realestate.com.au/sold/in-manly,%2Bnsw%2B2095;/list-1",,,,,,,Verified
M014,"16/1 Addison Road, Manly, NSW 2095",Manly,2095,Apartment,1655000,3,2,1,112,7/30/2026,2026,7,0,Manly sold listings page 1,"https://www.realestate.com.au/sold/in-manly,%2Bnsw%2B2095;/list-1",,,,,,,Verified
M015,"2/19-21 The Crescent, Manly, NSW 2095",Manly,2095,Apartment,1455000,2,1,1,92,7/28/2026,2026,7,0,Manly sold listings page 1,"https://www.realestate.com.au/sold/in-manly,%2Bnsw%2B2095;/list-1",,,,,,,Verified
M016,"127 Pittwater Road, Manly, NSW 2095",Manly,2095,House,4115000,3,2,1,278,7/24/2026,2026,7,0,Manly sold listings page 1,"https://www.realestate.com.au/sold/in-manly,%2Bnsw%2B2095;/list-1",,,,,,,Verified
M017,"308B/9-15 Central Avenue, Manly, NSW 2095",Manly,2095,Apartment,747000,1,,,50,7/24/2026,2026,7,1,Manly sold listings page 1,"https://www.realestate.com.au/sold/in-manly,%2Bnsw%2B2095;/list-1",,,,,,,Verified
M018,"5/18 Fairlight Street, Manly, NSW 2095",Manly,2095,Apartment,1475000,2,1,1,75,7/20/2026,2026,7,0,Manly sold listings page 1,"https://www.realestate.com.au/sold/in-manly,%2Bnsw%2B2095;/list-1",,,,,,,Verified
M019,"2/2a Kangaroo Street, Manly, NSW 2095",Manly,2095,Unit,1500000,2,1,,,7/17/2026,2026,7,2,Manly sold listings page 1,"https://www.realestate.com.au/sold/in-manly,%2Bnsw%2B2095;/list-1",,,,,,,Verified
M020,"4/20 Augusta Road, Manly, NSW 2095",Manly,2095,Apartment,1240000,2,1,1,64,7/11/2026,2026,7,0,Manly sold listings page 1,"https://www.realestate.com.au/sold/in-manly,%2Bnsw%2B2095;/list-1",,,,,,,Verified
M021,"27/10 Darley Road, Manly, NSW 2095",Manly,2095,Apartment,1360000,1,1,1,,7/10/2026,2026,7,1,Manly sold listings page 1,"https://www.realestate.com.au/sold/in-manly,%2Bnsw%2B2095;/list-1",,,,,,,Verified
M022,"17/6-12 Pacific Street, Manly, NSW 2095",Manly,2095,Unit,2500000,2,2,1,,7/8/2026,2026,7,1,Manly sold listings page 1,"https://www.realestate.com.au/sold/in-manly,%2Bnsw%2B2095;/list-1",,,,,,,Verified
M023,"6/8 Victoria Parade, Manly, NSW 2095",Manly,2095,Unit,1200000,2,1,,74.3,7/2/2026,2026,7,1,Manly sold listings page 1,"https://www.realestate.com.au/sold/in-manly,%2Bnsw%2B2095;/list-1",,,,,,,Verified
M024,"5/120 Addison Road, Manly, NSW 2095",Manly,2095,Apartment,2500000,3,2,1,,6/30/2026,2026,6,1,Manly sold listings page 1,"https://www.realestate.com.au/sold/in-manly,%2Bnsw%2B2095;/list-1",,,,,,,Verified
M025,"101/13 Whistler Street, Manly, NSW 2095",Manly,2095,Apartment,2050000,2,2,1,86,6/30/2026,2026,6,0,Manly sold listings page 1,"https://www.realestate.com.au/sold/in-manly,%2Bnsw%2B2095;/list-1",,,,,,,Verified
M026,"32/20 Bonner Avenue, Manly, NSW 2095",Manly,2095,Apartment,5250000,3,2,1,,6/29/2026,2026,6,1,Manly sold listings page 2,"https://www.realestate.com.au/sold/in-manly,%2Bnsw%2B2095/list-2",,,,,,,Verified
M027,"21/140 Addison Road, Manly, NSW 2095",Manly,2095,Apartment,5385000,3,2,2,173,6/26/2026,2026,6,0,Manly sold listings page 2,"https://www.realestate.com.au/sold/in-manly,%2Bnsw%2B2095/list-2",,,,,,,Verified
M028,"4/51C Kangaroo Street, Manly, NSW 2095",Manly,2095,Unit,990000,1,1,1,,6/26/2026,2026,6,1,Manly sold listings page 2,"https://www.realestate.com.au/sold/in-manly,%2Bnsw%2B2095/list-2",,,,,,,Verified
M029,"1/8 Ocean Road, Manly, NSW 2095",Manly,2095,Apartment,2450000,3,2,1,103,6/25/2026,2026,6,0,Manly sold listings page 2,"https://www.realestate.com.au/sold/in-manly,%2Bnsw%2B2095/list-2",,,,,,,Verified
M030,"13/49 Osborne Road, Manly, NSW 2095",Manly,2095,Apartment,3175000,3,2,1,126,6/17/2026,2026,6,0,Manly sold listings page 2,"https://www.realestate.com.au/sold/in-manly,%2Bnsw%2B2095/list-2",,,,,,,Verified
M031,"12/14 Malvern Avenue, Manly, NSW 2095",Manly,2095,Apartment,1253000,1,1,1,,6/13/2026,2026,6,1,Manly sold listings page 2,"https://www.realestate.com.au/sold/in-manly,%2Bnsw%2B2095/list-2",,,,,,,Verified
M032,"5/19a Addison Road, Manly, NSW 2095",Manly,2095,Townhouse,6300000,3,2,2,,6/12/2026,2026,6,1,Manly sold listings page 2,"https://www.realestate.com.au/sold/in-manly,%2Bnsw%2B2095/list-2",,,,,,,Verified
M033,"69 Stuart Street, Manly, NSW 2095",Manly,2095,House,9000000,3,1,2,277.4,6/9/2026,2026,6,0,Manly sold listings page 2,"https://www.realestate.com.au/sold/in-manly,%2Bnsw%2B2095/list-2",,,,,,,Verified
M034,"1/23 Quinton Road, Manly, NSW 2095",Manly,2095,Apartment,2510000,3,2,1,128,6/6/2026,2026,6,0,Manly sold listings page 2,"https://www.realestate.com.au/sold/in-manly,%2Bnsw%2B2095/list-2",,,,,,,Verified
P001,"231K/2 Morton Street, Parramatta, NSW 2150",Parramatta,2150,Apartment,640000,2,2,1,99,10/24/2025,2025,10,0,Parramatta sold listings page 1,https://www.realestate.com.au/sold/in-parramatta%2B2150/list-1,,,,,,,Verified
P002,"172/13-15 Hassall Street, Parramatta, NSW 2150",Parramatta,2150,Apartment,597000,2,2,1,110,10/24/2025,2025,10,0,Parramatta sold listings page 1,https://www.realestate.com.au/sold/in-parramatta%2B2150/list-1,,,,,,,Verified
P003,"4/29C Great Western Highway, Parramatta, NSW 2150",Parramatta,2150,Unit,420000,2,1,1,,10/24/2025,2025,10,1,Parramatta sold listings page 1,https://www.realestate.com.au/sold/in-parramatta%2B2150/list-1,,,,,,,Verified
P004,"16/43 Pemberton Street, Parramatta, NSW 2150",Parramatta,2150,Townhouse,1225000,3,2,2,,10/23/2025,2025,10,1,Parramatta sold listings page 1,https://www.realestate.com.au/sold/in-parramatta%2B2150/list-1,,,,,,,Verified
P005,"44/23 Good Street, Parramatta, NSW 2150",Parramatta,2150,Apartment,745000,2,2,2,137,10/23/2025,2025,10,0,Parramatta sold listings page 1,https://www.realestate.com.au/sold/in-parramatta%2B2150/list-1,,,,,,,Verified
P006,"7/97 Great Western Highway, Parramatta, NSW 2150",Parramatta,2150,Unit,540000,2,1,1,110,10/21/2025,2025,10,0,Parramatta sold listings page 1,https://www.realestate.com.au/sold/in-parramatta%2B2150/list-1,,,,,,,Verified
P007,"6/7-9 Robertson Street, Parramatta, NSW 2150",Parramatta,2150,Unit,721000,2,1,1,,10/20/2025,2025,10,1,Parramatta sold listings page 1,https://www.realestate.com.au/sold/in-parramatta%2B2150/list-1,,,,,,,Verified
P008,"2116/1A Morton Street, Parramatta, NSW 2150",Parramatta,2150,Apartment,645000,2,2,1,165,10/20/2025,2025,10,0,Parramatta sold listings page 1,https://www.realestate.com.au/sold/in-parramatta%2B2150/list-1,,,,,,,Verified
P009,"1903/330 Church Street, Parramatta, NSW 2150",Parramatta,2150,Apartment,568000,1,1,1,,10/20/2025,2025,10,1,Parramatta sold listings page 1,https://www.realestate.com.au/sold/in-parramatta%2B2150/list-1,,,,,,,Verified
P010,"6/109-113 George Street, Parramatta, NSW 2150",Parramatta,2150,Apartment,600000,2,2,1,111,10/18/2025,2025,10,0,Parramatta sold listings page 1,https://www.realestate.com.au/sold/in-parramatta%2B2150/list-1,,,,,,,Verified
P011,"4206/330 Church Street, Parramatta, NSW 2150",Parramatta,2150,Apartment,770000,2,2,1,,10/17/2025,2025,10,1,Parramatta sold listings page 1,https://www.realestate.com.au/sold/in-parramatta%2B2150/list-1,,,,,,,Verified
P012,"2503/1A Morton Street, Parramatta, NSW 2150",Parramatta,2150,Apartment,635000,2,2,1,,10/17/2025,2025,10,1,Parramatta sold listings page 1,https://www.realestate.com.au/sold/in-parramatta%2B2150/list-1,,,,,,,Verified
P013,"1/42 Grose Street, Parramatta, NSW 2150",Parramatta,2150,Apartment,468000,2,1,1,,10/17/2025,2025,10,1,Parramatta sold listings page 1,https://www.realestate.com.au/sold/in-parramatta%2B2150/list-1,,,,,,,Verified
P014,"303D/1 Broughton Street, Parramatta, NSW 2150",Parramatta,2150,Apartment,670000,2,2,1,102,10/16/2025,2025,10,0,Parramatta sold listings page 1,https://www.realestate.com.au/sold/in-parramatta%2B2150/list-1,,,,,,,Verified
P015,"4/5-7 Grose Street, Parramatta, NSW 2150",Parramatta,2150,Unit,455000,1,1,1,81,10/16/2025,2025,10,0,Parramatta sold listings page 1,https://www.realestate.com.au/sold/in-parramatta%2B2150/list-1,,,,,,,Verified
P016,"180/22 Great Western Highway, Parramatta, NSW 2150",Parramatta,2150,Studio,270000,1,1,,,10/16/2025,2025,10,2,Parramatta sold listings page 1,https://www.realestate.com.au/sold/in-parramatta%2B2150/list-1,,,,,,,Verified
P017,"5101/330 Church Street, Parramatta, NSW 2150",Parramatta,2150,Apartment,815000,2,2,1,,10/15/2025,2025,10,1,Parramatta sold listings page 1,https://www.realestate.com.au/sold/in-parramatta%2B2150/list-1,,,,,,,Verified
P018,"6813/1A Morton Street, Parramatta, NSW 2150",Parramatta,2150,Apartment,650000,2,2,1,113,10/15/2025,2025,10,0,Parramatta sold listings page 1,https://www.realestate.com.au/sold/in-parramatta%2B2150/list-1,,,,,,,Verified
P019,"108/22-32 Great Western Highway, Parramatta, NSW 2150",Parramatta,2150,Studio,255000,1,1,,41,10/15/2025,2025,10,1,Parramatta sold listings page 1,https://www.realestate.com.au/sold/in-parramatta%2B2150/list-1,,,,,,,Verified
P020,"1106/12 Phillip Street, Parramatta, NSW 2150",Parramatta,2150,Apartment,790000,2,2,1,,10/14/2025,2025,10,1,Parramatta sold listings page 1,https://www.realestate.com.au/sold/in-parramatta%2B2150/list-1,,,,,,,Verified
P021,"304/25 Campbell Street, Parramatta, NSW 2150",Parramatta,2150,Apartment,625000,2,2,1,117,10/14/2025,2025,10,0,Parramatta sold listings page 1,https://www.realestate.com.au/sold/in-parramatta%2B2150/list-1,,,,,,,Verified
P022,"3/4-6 Broughton Street, Parramatta, NSW 2150",Parramatta,2150,Townhouse,1250000,3,2,2,,10/13/2025,2025,10,1,Parramatta sold listings page 1,https://www.realestate.com.au/sold/in-parramatta%2B2150/list-1,,,,,,,Verified
P023,"17/2-6 Campbell Street, Parramatta, NSW 2150",Parramatta,2150,Apartment,575000,2,1,1,,10/13/2025,2025,10,1,Parramatta sold listings page 1,https://www.realestate.com.au/sold/in-parramatta%2B2150/list-1,,,,,,,Verified
P024,"17/9-13 Early Street, Parramatta, NSW 2150",Parramatta,2150,Unit,855000,3,2,2,193,10/12/2025,2025,10,0,Parramatta sold listings page 1,https://www.realestate.com.au/sold/in-parramatta%2B2150/list-1,,,,,,,Verified
P025,"4/12 Henry Street, Parramatta, NSW 2150",Parramatta,2150,Unit,803000,2,2,1,146,10/11/2025,2025,10,0,Parramatta sold listings page 1,https://www.realestate.com.au/sold/in-parramatta%2B2150/list-1,,,,,,,Verified
P026,"3/22-24 Thomas Street, Parramatta, NSW 2150",Parramatta,2150,Apartment,667000,2,1,2,122,7/27/2026,2026,7,0,Parramatta sold listings page 2,https://www.realestate.com.au/sold/in-parramatta%2B2150/list-2,,,,,,,Verified
P027,"1330K/2 Morton Street, Parramatta, NSW 2150",Parramatta,2150,Apartment,740000,2,2,1,,7/25/2026,2026,7,1,Parramatta sold listings page 2,https://www.realestate.com.au/sold/in-parramatta%2B2150/list-2,,,,,,,Verified
P028,"15/7-11 Elizabeth Street, Parramatta, NSW 2150",Parramatta,2150,Apartment,650000,2,1,1,112,7/25/2026,2026,7,0,Parramatta sold listings page 2,https://www.realestate.com.au/sold/in-parramatta%2B2150/list-2,,,,,,,Verified
P029,"28/24 Campbell Street, Parramatta, NSW 2150",Parramatta,2150,Apartment,500000,2,2,1,,7/25/2026,2026,7,1,Parramatta sold listings page 2,https://www.realestate.com.au/sold/in-parramatta%2B2150/list-2,,,,,,,Verified
P030,"27/9-11 Cowper Street, Parramatta, NSW 2150",Parramatta,2150,Apartment,800000,3,2,2,149,7/23/2026,2026,7,0,Parramatta sold listings page 2,https://www.realestate.com.au/sold/in-parramatta%2B2150/list-2,,,,,,,Verified
P031,"2436/180 George Street, Parramatta, NSW 2150",Parramatta,2150,Apartment,880000,2,2,1,,7/22/2026,2026,7,1,Parramatta sold listings page 2,https://www.realestate.com.au/sold/in-parramatta%2B2150/list-2,,,,,,,Verified
P032,"1702/1A Morton Street, Parramatta, NSW 2150",Parramatta,2150,Apartment,667000,2,2,1,115,7/22/2026,2026,7,0,Parramatta sold listings page 2,https://www.realestate.com.au/sold/in-parramatta%2B2150/list-2,,,,,,,Verified
P033,"10/15-17 Queens Avenue, Parramatta, NSW 2150",Parramatta,2150,Apartment,615000,2,1,1,,7/22/2026,2026,7,1,Parramatta sold listings page 2,https://www.realestate.com.au/sold/in-parramatta%2B2150/list-2,,,,,,,Verified
L001,"3 Secant Street, Liverpool, NSW 2170",Liverpool,2170,House,2000000,4,2,2,676,9/15/2026,2026,9,0,Liverpool sold listings page 1,"https://www.realestate.com.au/sold/in-liverpool,%2Bnsw%2B2170/list-1",,,,,,,Verified
L002,"40 Maryvale Avenue, Liverpool, NSW 2170",Liverpool,2170,House,1200000,3,1,1,701.9,9/15/2026,2026,9,0,Liverpool sold listings page 1,"https://www.realestate.com.au/sold/in-liverpool,%2Bnsw%2B2170/list-1",,,,,,,Verified
L003,"8/8-10 Lachlan Street, Liverpool, NSW 2170",Liverpool,2170,Unit,550000,2,2,1,,9/15/2026,2026,9,1,Liverpool sold listings page 1,"https://www.realestate.com.au/sold/in-liverpool,%2Bnsw%2B2170/list-1",,,,,,,Verified
L004,"2/3-5 Nagle Street, Liverpool, NSW 2170",Liverpool,2170,Unit,480000,2,1,1,,9/14/2026,2026,9,1,Liverpool sold listings page 1,"https://www.realestate.com.au/sold/in-liverpool,%2Bnsw%2B2170/list-1",,,,,,,Verified
L005,"41 Tully Avenue, Liverpool, NSW 2170",Liverpool,2170,House,1150000,6,2,2,588.1,9/11/2026,2026,9,0,Liverpool sold listings page 1,"https://www.realestate.com.au/sold/in-liverpool,%2Bnsw%2B2170/list-1",,,,,,,Verified
L006,"501/311 Hume Highway, Liverpool, NSW 2170",Liverpool,2170,Unit,600000,2,2,1,,9/11/2026,2026,9,1,Liverpool sold listings page 1,"https://www.realestate.com.au/sold/in-liverpool,%2Bnsw%2B2170/list-1",,,,,,,Verified
L007,"505/17 Shepherd Street, Liverpool, NSW 2170",Liverpool,2170,Unit,570000,2,2,1,131,9/11/2026,2026,9,0,Liverpool sold listings page 1,"https://www.realestate.com.au/sold/in-liverpool,%2Bnsw%2B2170/list-1",,,,,,,Verified
L008,"202/21 Atkinson Street, Liverpool, NSW 2170",Liverpool,2170,Apartment,530000,2,2,1,106,9/11/2026,2026,9,0,Liverpool sold listings page 1,"https://www.realestate.com.au/sold/in-liverpool,%2Bnsw%2B2170/list-1",,,,,,,Verified
L009,"3/1 Stanton Street, Liverpool, NSW 2170",Liverpool,2170,Townhouse,770000,3,1,1,178,9/3/2026,2026,9,0,Liverpool sold listings page 1,"https://www.realestate.com.au/sold/in-liverpool,%2Bnsw%2B2170/list-1",,,,,,,Verified
L010,"308/6B Atkinson Street, Liverpool, NSW 2170",Liverpool,2170,Apartment,412000,1,1,1,84,8/31/2026,2026,8,0,Liverpool sold listings page 1,"https://www.realestate.com.au/sold/in-liverpool,%2Bnsw%2B2170/list-1",,,,,,,Verified
L011,"42/87-91 Campbell Street, Liverpool, NSW 2170",Liverpool,2170,Apartment,410000,1,1,1,,8/28/2026,2026,8,1,Liverpool sold listings page 1,"https://www.realestate.com.au/sold/in-liverpool,%2Bnsw%2B2170/list-1",,,,,,,Verified
L012,"9/53 Goulburn Street, Liverpool, NSW 2170",Liverpool,2170,Unit,423000,2,1,1,,8/27/2026,2026,8,1,Liverpool sold listings page 1,"https://www.realestate.com.au/sold/in-liverpool,%2Bnsw%2B2170/list-1",,,,,,,Verified
L013,"503/311 Hume Highway, Liverpool, NSW 2170",Liverpool,2170,Apartment,570000,2,2,1,,8/25/2026,2026,8,1,Liverpool sold listings page 1,"https://www.realestate.com.au/sold/in-liverpool,%2Bnsw%2B2170/list-1",,,,,,,Verified
L014,"4/44-46 Passefield Street, Liverpool, NSW 2170",Liverpool,2170,Townhouse,875000,3,2,1,233,8/24/2026,2026,8,0,Liverpool sold listings page 1,"https://www.realestate.com.au/sold/in-liverpool,%2Bnsw%2B2170/list-1",,,,,,,Verified
L015,"8/9-11 Bathurst Street, Liverpool, NSW 2170",Liverpool,2170,Unit,660000,3,1,2,,8/24/2026,2026,8,1,Liverpool sold listings page 1,"https://www.realestate.com.au/sold/in-liverpool,%2Bnsw%2B2170/list-1",,,,,,,Verified
L016,"1303/30 Shepherd Street, Liverpool, NSW 2170",Liverpool,2170,Apartment,539000,2,2,1,,8/24/2026,2026,8,1,Liverpool sold listings page 1,"https://www.realestate.com.au/sold/in-liverpool,%2Bnsw%2B2170/list-1",,,,,,,Verified
L017,"2/30 Speed Street, Liverpool, NSW 2170",Liverpool,2170,Apartment,385000,2,1,1,,8/24/2026,2026,8,1,Liverpool sold listings page 1,"https://www.realestate.com.au/sold/in-liverpool,%2Bnsw%2B2170/list-1",,,,,,,Verified
L018,"8 Angelo Avenue, Liverpool, NSW 2170",Liverpool,2170,House,935000,3,1,1,171,8/22/2026,2026,8,0,Liverpool sold listings page 1,"https://www.realestate.com.au/sold/in-liverpool,%2Bnsw%2B2170/list-1",,,,,,,Verified
L019,"5/10 Christie Street, Liverpool, NSW 2170",Liverpool,2170,House,870000,3,2,1,,8/22/2026,2026,8,1,Liverpool sold listings page 1,"https://www.realestate.com.au/sold/in-liverpool,%2Bnsw%2B2170/list-1",,,,,,,Verified
L020,"10/50 Castlereagh Street, Liverpool, NSW 2170",Liverpool,2170,Unit,433000,2,1,1,,8/21/2026,2026,8,1,Liverpool sold listings page 1,"https://www.realestate.com.au/sold/in-liverpool,%2Bnsw%2B2170/list-1",,,,,,,Verified
L021,"66/387 Macquarie Street, Liverpool, NSW 2170",Liverpool,2170,Unit,570000,2,2,1,,8/19/2026,2026,8,1,Liverpool sold listings page 1,"https://www.realestate.com.au/sold/in-liverpool,%2Bnsw%2B2170/list-1",,,,,,,Verified
L022,"40/387 Macquarie Street, Liverpool, NSW 2170",Liverpool,2170,Apartment,431000,1,1,1,,8/19/2026,2026,8,1,Liverpool sold listings page 1,"https://www.realestate.com.au/sold/in-liverpool,%2Bnsw%2B2170/list-1",,,,,,,Verified
L023,"B601/17 Shepherd Street, Liverpool, NSW 2170",Liverpool,2170,Apartment,555000,2,2,1,112,8/13/2026,2026,8,0,Liverpool sold listings page 1,"https://www.realestate.com.au/sold/in-liverpool,%2Bnsw%2B2170/list-1",,,,,,,Verified
L024,"401/21 Charles Street, Liverpool, NSW 2170",Liverpool,2170,Apartment,550000,2,2,1,,8/13/2026,2026,8,1,Liverpool sold listings page 1,"https://www.realestate.com.au/sold/in-liverpool,%2Bnsw%2B2170/list-1",,,,,,,Verified
L025,"20/8 Beale Street, Liverpool, NSW 2170",Liverpool,2170,Apartment,450000,2,1,1,102,8/13/2026,2026,8,0,Liverpool sold listings page 1,"https://www.realestate.com.au/sold/in-liverpool,%2Bnsw%2B2170/list-1",,,,,,,Verified
L026,"805/311 Hume Highway, Liverpool, NSW 2170",Liverpool,2170,Unit,610000,2,2,1,,8/12/2026,2026,8,1,Liverpool sold listings page 2,"https://www.realestate.com.au/sold/in-liverpool,%2Bnsw%2B2170/list-2",,,,,,,Verified
L027,"2508/311 Hume Highway, Liverpool, NSW 2170",Liverpool,2170,Apartment,625000,2,2,1,,8/11/2026,2026,8,1,Liverpool sold listings page 2,"https://www.realestate.com.au/sold/in-liverpool,%2Bnsw%2B2170/list-2",,,,,,,Verified
L028,"1/58-60 Copeland Street, Liverpool, NSW 2170",Liverpool,2170,Apartment,412000,2,1,1,,8/11/2026,2026,8,1,Liverpool sold listings page 2,"https://www.realestate.com.au/sold/in-liverpool,%2Bnsw%2B2170/list-2",,,,,,,Verified
L029,"1/10 Tobruk Avenue, Liverpool, NSW 2170",Liverpool,2170,Townhouse,962000,4,3,1,241,8/10/2026,2026,8,0,Liverpool sold listings page 2,"https://www.realestate.com.au/sold/in-liverpool,%2Bnsw%2B2170/list-2",,,,,,,Verified
L030,"91/1 Riverpark Drive, Liverpool, NSW 2170",Liverpool,2170,Apartment,515000,2,1,2,112,8/10/2026,2026,8,0,Liverpool sold listings page 2,"https://www.realestate.com.au/sold/in-liverpool,%2Bnsw%2B2170/list-1",,,,,,,Verified
L031,"1610/32 Shepherd Street, Liverpool, NSW 2170",Liverpool,2170,Unit,480000,1,1,1,76,8/10/2026,2026,8,0,Liverpool sold listings page 2,"https://www.realestate.com.au/sold/in-liverpool,%2Bnsw%2B2170/list-1",,,,,,,Verified
L032,"8/22 Nagle Street, Liverpool, NSW 2170",Liverpool,2170,Apartment,420000,2,1,1,77,8/10/2026,2026,8,0,Liverpool sold listings page 2,"https://www.realestate.com.au/sold/in-liverpool,%2Bnsw%2B2170/list-1",,,,,,,Verified
L033,"32/17-19 Speed Street, Liverpool, NSW 2170",Liverpool,2170,Apartment,385000,2,1,1,79,8/10/2026,2026,8,0,Liverpool sold listings page 2,"https://www.realestate.com.au/sold/in-liverpool,%2Bnsw%2B2170/list-1",,,,,,,Verified
